image_1.jpg,"[0]"
image_10.jpg,"[0]"
image_11.jpg,"[0]"
image_12.jpg,"[0]"
image_13.jpg,"[0]"
image_14.jpg,"[0]"
image_15.jpg,"[0]"
image_16.jpg,"[0]"
image_17.jpg,"[0]"
image_18.jpg,"[0]"
image_19.jpg,"[0]"
image_2.jpg,"[0]"
image_20.jpg,"[0]"
image_21.jpg,"[1]"
image_22.jpg,"[1]"
image_23.jpg,"[1]"
image_24.jpg,"[1]"
image_25.jpg,"[1]"
image_26.jpg,"[1]"
image_27.jpg,"[1]"
image_28.jpg,"[1]"
image_29.jpg,"[1]"
image_3.jpg,"[0]"
image_30.jpg,"[1]"
image_31.jpg,"[1]"
image_32.jpg,"[1]"
image_33.jpg,"[1]"
image_34.jpg,"[1]"
image_35.jpg,"[1]"
image_36.jpg,"[1]"
image_37.jpg,"[1]"
image_38.jpg,"[1]"
image_39.jpg,"[1]"
image_4.jpg,"[0]"
image_40.jpg,"[1]"
image_5.jpg,"[0]"
image_6.jpg,"[0]"
image_7.jpg,"[0]"
image_8.jpg,"[0]"
image_9.jpg,"[0]"